Reg ID,Full Name,Designation,Company,Email,Mobile,WhatsApp,LinkedIn,Timestamp,Received (BST),Folder
AI4BT-2026-518477,Mohammad Abdul Awal Miah,COO,Brain System Limited,awal@brainsystemltd.com,01730357128,01730357128,www.linkedin.com/in/mohammad-abdul-awal-miah-70814215,2026-09-27T07:03:54.217Z,1:03 PM,AI4BT-4
AI4BT-2026-266399,Zulkar Nayin,Senior Software Engineer,BJIT Limited,16303045@iubat.edu,01521318602,01521318602,https://www.linkedin.com/in/zulkar-nayin/,2026-09-26T16:40:02.826Z,10:40 PM,AI4BT-4
AI4BT-2026-399201,Md. Muslim Uddin,GM,Babylon Group,muslimipe@gmail.com,01815954739,01815954739,Not provided,2026-09-26T13:59:37.906Z,7:59 PM,AI4BT-4
AI4BT-2026-732657,Shamol Sarker FCCA,Managing Director,Musketeers Idea Ltd.,sarker.sham@gmail.com,01778385022,01778385022,https://www.linkedin.com/in/shamol-sarker-083212110/,2026-09-26T12:04:48.428Z,6:04 PM,AI4BT-4
AI4BT-2026-410198,Dewan Samsul Huda,Head of Enterprise Business,LabAID AI Limited,info@virtucarebd.ai,01786727271,01786727271,Not provided,2026-09-26T10:19:28.997Z,4:19 PM,AI4BT-4
AI4BT-2026-734611,Md Shah Paran,Founder & CEO,Digital Accelerator Agency,saadhin@digitalacceleratoragency.com,01717601254,01717601254,https://www.linkedin.com/in/growwithshah/,2026-09-26T09:54:59.199Z,3:55 PM,AI4BT-4
AI4BT-TEST-9440,Sadiq Alam,Managing Director & Founder,MetaKave & AI4BT Secretariat,sadiq.alam@gmail.com,+8801709190412,+8801709190412,https://www.linkedin.com/in/sadiqalam/,2026-09-26T09:51:26.273Z,3:51 PM,AI4BT-4
AI4BT-2026-949970,Mohammed Zahirul Islam,Superintending Engineer,Roads and Highways Department,zahirrhd@gmail.com,01748919199,01748919199,Not provided,2026-09-26T08:43:35.772Z,2:43 PM,AI4BT-3
AI4BT-2026-680377,Md Sohel Hossain,Manager,KSRM,sohelju1983@gmail.com,01913658403,01913658403,https://www.linkedin.com/in/md-sohel-hossain-176534a2/,2026-09-26T08:01:56.889Z,2:02 PM,AI4BT-3
AI4BT-2026-355731,Md Saidur Rahman,associate manager,City Bank plc,amitsaidur@gmail.com,01737778253,01737778253,Not provided,2026-09-26T07:33:27.100Z,1:33 PM,AI4BT-3
AI4BT-2026-802984,Md Azizur Rahman,Project Manager,NTL,azizur@babylon-bd.com,01851101171,01851101171,Not provided,2026-09-26T06:31:29.473Z,12:31 PM,AI4BT-3
AI4BT-2026-426680,Ninad Hossain,Project Manager,BRL,ninad.hossain@gmail.com,01717256850,01717256850,Not provided,2026-09-26T06:26:01.818Z,12:26 PM,AI4BT-3
AI4BT-2026-862398,fahad bin aziz,Executive,Zencore Solution Ltd,fahadbinaziz.odoo@gmail.com,01989866406,01989866406,https://www.linkedin.com/in/fahad-bin-aziz/,2026-09-26T04:48:13.360Z,10:48 AM,AI4BT-3
AI4BT-2026-183998,NAHID HOSSEN,JR FLUTTER DEVELOPER,SPARKTECH,md.nahidhossen1911@gmail.com,01519112003,01519112003,Not provided,2026-09-26T03:18:15.577Z,9:18 AM,AI4BT-3
AI4BT-2026-860126,Ikbal Hossain,System Administrator (ICT),Hamko Group,ikbal.server@hamko.io,01950758712,01950758712,https://www.linkedin.com/in/ikbal-hossain-4b317b353/,2026-09-25T19:01:14.998Z,1:01 AM,AI4BT-3
AI4BT-2026-471925,Mohammad Mahmudul Hassan,CEO,AI4BT Global,mahmudul10875@gmail.com,+8801718262645,+8801718262645,Not provided,2026-09-25T18:06:52.284Z,12:06 AM,AI4BT-3
AI4BT-2026-233644,Shakil Ahmed,Program coordinator,Empower Foundation,shakilahamed005@gmail.com,01917994290,01717636431,Not provided,2026-09-25T14:32:49.922Z,8:32 PM,AI4BT-3
AI4BT-2026-525602,Sazinzaman,Cso,+8801759014044,gpsazin@gmail.com,01759014044,01759014044,Not provided,2026-09-25T14:01:16.705Z,8:01 PM,AI4BT-3
AI4BT-2026-679414,Najibul Islam,Associate Manager (EO),City Bank PLC,najibulislamnajib@gmail.com,01737986176,01737986176,https://linkedin.com/in/najibul-islam,2026-09-25T12:57:06.597Z,6:57 PM,AI4BT-3
AI4BT-2026-731403,Mohammad Rahman,Engineer,Maestro,mrahman@maestrocomms.com,9033661781,9033661781,Not provided,2026-09-25T12:40:09.304Z,6:40 PM,AI4BT-3
AI4BT-2026-927196,Amin Ashrif,Engineer,Villeroy and Boch,aia4095@rit.edu,00971563938732,00971563938732,https://www.linkedin.com/in/alaminashrif,2026-09-25T12:02:01.408Z,6:02 PM,AI4BT-3
AI4BT-2026-368445,Fazla elahi fahad,Officer,JAMUNA BANK limited plc,fazla.fahad@jamunabank.com.bd,01750036701,01955218927,Not provided,2026-09-25T09:34:56.677Z,3:35 PM,AI4BT-3
AI4BT-2026-241577,Abrar Hossain Tasfir,Sales & Marketing Executive,Gigabyte,abrar.tasfir123@gmail.com,01714403028,01714403028,https://www.linkedin.com/in/abrar-hossain-tasfir-a7334618a?utm_source=share_via&utm_content=profile&utm_medium=member_android,2026-09-25T09:24:22.103Z,3:24 PM,AI4BT-3
AI4BT-2026-282850,Md. Eyasin Arafat,Senior Executive - Group HR,Asrotex Group,joineyasin@gmail.com,+8801750777915,01750777915,https://www.linkedin.com/in/arafat98?utm_source=share_via&utm_content=profile&utm_medium=member_android,2026-09-25T09:18:42.728Z,3:18 PM,AI4BT-3
AI4BT-2026-235045,Ali Khan,Teacher,Empowers Foundation,jafaralikhan11@gmail.com,+8801726099028,+8801726099028,Not provided,2026-09-25T09:07:14.138Z,3:07 PM,AI4BT-3
AI4BT-2026-247200,Al Mamun Bin Mozid,Senior Executive Officer,Jamuna Bank PLC,mamun.abcoder@gmail.com,01813811743,01813811743,Not provided,2026-09-25T07:29:20.478Z,1:29 PM,AI4BT-3
AI4BT-2026-574660,Subrata Sarkar (Bappa),"Scrum master, Data and AI delivery,",Metlife Bangladesh,subrata.sarkar@metlife.com.bd,8801896052537,8801896052537,Not provided,2026-09-25T07:20:17.390Z,1:20 PM,AI4BT-3
AI4BT-2026-860050,Arefin Rahman Himel,Chief Executive Officer,Life Skill Centre,himel.btsh@gmail.com,01730599372,01730599372,https://www.linkedin.com/in/arefin-rahman-himel/,2026-09-25T06:43:37.939Z,12:43 PM,AI4BT-3
AI4BT-2026-883488,Kazi Zubair Ahmed,Head of Enterprise Automation & Innovation,Jamuna Bank PLC,zubair@jamunabank.com.bd,01712860961,01712860961,Not provided,2026-09-25T06:39:10.338Z,12:39 PM,AI4BT-3
AI4BT-2026-927588,Fahud Khan,Consultant,01912118401,fahud.khan@gmail.com,01912118401,01912118401,Not provided,2026-09-25T06:25:21.096Z,12:25 PM,AI4BT-3
AI4BT-2026-683760,Engr. N.A Sumon,Chief Technology 3,Seed120 Ltd.,na.sunon@seed120.com,+8801717623208,+8801717623208,https://www.linkedin.com/in/sumon1216?utm_source=share_via&utm_content=profile&utm_medium=member_android,2026-09-25T06:07:38.074Z,12:07 PM,AI4BT-3
AI4BT-2026-669237,Mahbubul Hasan,Director,ElectroCom,mahbub.buet95@gmail.com,01841210375,01841210375,Not provided,2026-09-25T06:04:38.043Z,12:04 PM,AI4BT-3
AI4BT-2026-781994,Sahed Hossain Mazumder,Manager - HR,N / A,sahed.mazumder@gmail.com,01611146206,01611146206,Not provided,2026-09-25T05:33:40.628Z,11:33 AM,AI4BT-3
AI4BT-2026-852830,Md Rakibul Hasan,Senior Officer (Computer),Pubali Bank PLC,mrrakib.cse@gmail.com,01642090367,01642090366,https://www.linkedin.com/in/mrrakib,2026-09-25T04:16:34.946Z,10:16 AM,AI4BT-3
AI4BT-2026-319586,Rajib Bin Ahmed,Head Of Digital Banking,Jamuna Bank Plc,rajib.ahmed@jamunabank.com.bd,01718060804,01718060804,Not provided,2026-09-25T04:05:39.326Z,10:05 AM,AI4BT-3
AI4BT-2026-310499,Md Naeem Shikdar,Coordinator (Training & Program),TRIMATRIC Architect & Engineers,mdnaeemshikdar28@gmail.com,01728689751,01728689751,Not provided,2026-09-25T03:50:49.343Z,9:50 AM,AI4BT-3
AI4BT-2026-495021,Mahamudur Rahman,Manager,United Finance PLC,nitdnaafco@gmail.com,0,0,Not provided,2026-09-25T03:22:04.600Z,9:22 AM,AI4BT-3
AI4BT-2026-710573,A. B. M. AHSAN AL MAMUN,Country Lead - Bangladesh & Nepal,EGUARDIAN,mamun.ahsan@eguardian.com,01707562686,01707562686,https://www.linkedin.com/in/ahsanalmamun,2026-09-25T02:53:21.652Z,8:53 AM,AI4BT-3
AI4BT-2026-537466,Md Rajibul Hasan,CEO,01970066033,rajib@ga-limited.com,01970066033,01970066033,Not provided,2026-09-25T00:29:36.597Z,6:29 AM,AI4BT-3
AI4BT-2026-739852,Najia Jafrin,Director,Haa-Aya Businesses Ltd,haaayabusinessesltd@gmail.com,+447404525350,+447404525350,https://www.linkedin.com/in/najia-jafrin,2026-09-24T20:25:20.118Z,2:25 AM,AI4BT-3
AI4BT-2026-453824,Mariya Rahman Nisha,Executive,Materiyard,nisha14work@gmail.com,01727531553,01727531553,Not provided,2026-09-24T20:07:53.202Z,2:07 AM,AI4BT-3
AI4BT-2026-583255,Md Asif Ur Rahman,Information Security Analyst,Bank Asia PLC,m.asif@bankasia-bd.com,01815234926,01815234926,Not provided,2026-09-24T15:46:48.164Z,9:46 PM,AI4BT-3
AI4BT-2026-385262,Md Nadim Saker,Staff Automation Engineer,Optimizely,nadimsaker@gmail.com,+8801716012288,+8801716012288,https://www.linkedin.com/in/nadimsaker/,2026-09-24T15:36:03.361Z,9:36 PM,AI4BT-3
AI4BT-2026-411927,Mariam Ispahani,CEO,Spenta Technology,Mariam@spenta.tech,+8801648177477,+8801648177477,http://linkedin.com/in/zensufi,2026-09-24T14:53:33.769Z,8:53 PM,AI4BT-3
AI4BT-2026-682732,A.A.Shishir,Head of Operations,OCTERA DIGITAL,shishir.artc@gmail.com,+8801977114314,+8801977114314,https://www.linkedin.com/in/anwarul-azim-s-21b20682,2026-09-24T14:32:13.307Z,8:32 PM,AI4BT-2
AI4BT-2026-107301,BM FERDAUS BIN FAZAL[TOMAL],HEAD OF IT,Shinepukur Ceramics PLC,ferdaus@sclbd.net,01678011625,01819504219,https://www.linkedin.com/in/ferdaus-bin-fazal/,2026-09-24T13:27:58.346Z,7:28 PM,AI4BT-2
AI4BT-2026-825331,Mirza Borhan Kabir,Group Head Of IT,Pandughar Group,borhan.kabir@pandughar.com,01819210121,+8801819210121,Not provided,2026-09-24T13:20:37.627Z,7:20 PM,AI4BT-2
AI4BT-2026-837110,Ismail Hamdoon,Executive,Government,hamdoon@gmail.com,+9607900590,+9607900590,Not provided,2026-09-24T13:03:39.498Z,7:03 PM,AI4BT-2
AI4BT-2026-409550,K. M. Shawkat Zamil,Senior Software Engineer,BRAC Aarong,shawkat.zamil@brac.net,01927357213,01927357213,https://www.linkedin.com/in/k-m-shawkat-zamil-379a97234,2026-09-24T12:52:14.762Z,6:52 PM,AI4BT-2
AI4BT-2026-323523,Md. Reazul Islam,Consultant,iBAS++,reazrana@gmail.com,+8801735998659,+8801735998659,Not provided,2026-09-24T12:04:20.217Z,6:04 PM,AI4BT-2
AI4BT-2026-366388,Mushfiq us Salahin,Head of sales,Excel Telecom,salahin.musfiq@gmail.com,01970271443,01970271443,Not provided,2026-09-24T11:27:49.334Z,5:27 PM,AI4BT-2
AI4BT-2026-792349,Mohammad Shahadat Kabir,CEO,itechss,shahadat@itechss.net,01730097974,01730097974,https://www.linkedin.com/in/shahadatkabir,2026-09-24T11:20:56.768Z,5:21 PM,AI4BT-2
AI4BT-2026-341061,Md. Ali Tareque,FVP,National Housing Finance PLC,ltareqruet@gmail.com,+8801924400645,+8801924400645,https://www.linkedin.com/in/ali-tareque-pmp%C2%AE-233a962b/,2026-09-24T11:17:05.140Z,5:17 PM,AI4BT-2
AI4BT-2026-886077,Shakirul Islam,Country Manager,Tandhan Cotton Mills Private Limited,plabonkhan5@gmail.com,+8801770583345,+8801770583345,Shakirul Islam,2026-09-24T10:56:29.481Z,4:56 PM,AI4BT-2
AI4BT-2026-884053,Md Ruhul Amin,SQA Engineer,Dynamic Solution Innovators Limited. (DSi),hmruhul16.mbstu@gmail.com,01738957729,01738957729,https://www.linkedin.com/in/hmruhul-ict/,2026-09-24T10:48:16.276Z,4:48 PM,AI4BT-2
AI4BT-2026-716088,Mufakharul Islam,Vice-President,UCB PLC,dipu.dhaka@gmail.com,01819210883,01819210883,https://www.linkedin.com/in/mufakharul-islam-6762132/,2026-09-24T10:34:36.681Z,4:34 PM,AI4BT-2
AI4BT-2026-551773,Md Nazrul Islam khan,Technical project manager,Nano Information technology,nazrul.shohagh1o1@gmail.com,01711766038,01711766038,Not provided,2026-09-24T10:24:11.512Z,4:24 PM,AI4BT-2
AI4BT-2026-913801,Md Sahriar Molla,Head of IT,Agora Limited,sahriar.molla@agora-bd.com,01911050771,01911050771,Not provided,2026-09-24T10:21:18.644Z,4:21 PM,AI4BT-2
AI4BT-2026-601197,Moshiur Rahaman,Product ownee,Shadhib lab,moshiurfin22@gmail.com,01761000757,01761000757,Not provided,2026-09-24T10:20:56.764Z,4:21 PM,AI4BT-2
AI4BT-2026-700877,Riyan Rahman,CTO,Nextgen innovation Ltd,arafat@nextgenitltd.com,+8801759530377,01759530377,Not provided,2026-09-24T10:20:14.837Z,4:20 PM,AI4BT-2
AI4BT-2026-843473,Mahmud Ridwan,Product Analyst,Carrybee Express Limited,mahmudridwan.cs@gmail.com,01630226283,01980474750,https://linkedin.com/mahmud-ridwan,2026-09-24T10:12:16.571Z,4:12 PM,AI4BT-2
AI4BT-2026-231515,ARIFUL ISLAM,Deputy Manager,Fakir Fashion Limited,arifulislamjoney@gmail.com,01751410097,01751410097,https://www.linkedin.com/in/ariful-islam-joney-ab5472a8?utm_source=share&utm_campaign=share_via&utm_content=profile&utm_medium=android_app,2026-09-24T10:12:02.173Z,4:12 PM,AI4BT-2
AI4BT-2026-405015,Jhulan Kumar Sengupta,SAVP,Jamuna Bank PLC,jhulan78@gmail.com,01911521724,01911521724,Not provided,2026-09-24T10:11:54.364Z,4:12 PM,AI4BT-2
AI4BT-2026-612859,Samuel Gomes,Proprietor,SG TRADES INTERNATIONAL,samuel.gomes88@gmail.com,01722524040,+8801722524040,Not provided,2026-09-24T10:08:17.112Z,4:08 PM,AI4BT-2
AI4BT-2026-224209,Lutfor Rahman,Managing Director,Contessa Solutions and Consultants Ltd,lutfor.rahman@contessabd.com,+8801711500002,+8801711500002,Not provided,2026-09-24T10:05:07.643Z,4:05 PM,AI4BT-2
AI4BT-2026-508682,SHOUROV SARKER,Manager,Softzino Technologies,shourovsarker0008@gmail.com,01746524039,01746524039,https://www.linkedin.com/in/shourov-sarker-0a0098170/,2026-09-24T09:54:54.028Z,3:55 PM,AI4BT-2
AI4BT-2026-569339,Muhammad Salim,Senior Consultant,"CHOWDHURY SHAZZAD MONOWAR, Chartered Accountants",salimfcma744@gmail.com,01914067444,01914067444,Not provided,2026-09-24T09:51:23.861Z,3:51 PM,AI4BT-2
AI4BT-2026-118456,Syed Salman Haider,Officer,USAID - Surjer Hashi Network,salman.haider@shnnetwork.org,+880 1911505587,+880 1911505587,https://www.linkedin.com/in/syedsalmanhaider1908?utm_source=share_via&utm_content=profile&utm_medium=member_android,2026-09-24T09:27:51.084Z,3:28 PM,AI4BT-2
AI4BT-2026-341882,Roman Ali Thakur,"Manager, HR",Surjer Hashi Network (SHN),thakur.roman@gmail.com,01832820608,01832820608,https://www.linkedin.com/in/roman-ali-thakur-500b1158/,2026-09-24T09:25:38.519Z,3:25 PM,AI4BT-2
AI4BT-2026-444272,Abdullah Muhammad Ridwan,Deputy Manager,Surjer Hashi Network,abdullah.ridwan@shnnetwork.org,01711090185,01711090185,ridwanewu13,2026-09-24T09:22:48.274Z,3:22 PM,AI4BT-2
AI4BT-2026-437871,M. G. S. Mahafuj,Sr. Officer,Babylon Group,saklainmahafuj@gmail.com,+8801796985564,01796985564,https://www.linkedin.com/in/m-g-s-mahafuj-87022b333?utm_source=share_via&utm_content=profile&utm_medium=member_android,2026-09-24T09:21:30.961Z,3:21 PM,AI4BT-2
AI4BT-2026-175076,Md Nurul Absar,"DGM, HR",Surjer Hashi Network,nurul.absar85@gmail.com,01717028198,01729071245,https://www.linkedin.com/in/nurulabsar/,2026-09-24T09:19:18.570Z,3:19 PM,AI4BT-2
AI4BT-2026-153435,Eze Chinenye Miriam,Chief Executive Officer,Wilcal Global limited,miriam.e@wilcalglobal.com,+2349064976111,+2349064976111,Not provided,2026-09-24T09:15:52.779Z,3:16 PM,AI4BT-2
AI4BT-2026-737600,Md Bappi Shaharia,"Head of HR, Admin & Compliance",NZ Fabrics Ltd,bappi@nztexgroupbd.com,01670049030,01670049030,Not provided,2026-09-24T09:12:34.149Z,3:12 PM,AI4BT-2
AI4BT-2026-486396,Md. Asraful Islam,Deputy Manager,Digipro Solutions Limited,asraful@digiprobd.com,01674303388,01674303388,Not provided,2026-09-24T09:11:11.035Z,3:11 PM,AI4BT-2
AI4BT-2026-642478,Md Mehedi Hasan Sibly,"Co-founder, Manager at Business Development",pycrew Systems.,xiblee@pycrew.com,01620213939,01620213939,https://www.linkedin.com/in/xiblee/,2026-09-24T09:08:33.461Z,3:08 PM,AI4BT-2
AI4BT-2026-231254,Sayeef -Al-Nahian Khan,Manager,Fakir Fashion Limited,alnahian@gmail.com,01755624723,01913415668,https://www.linkedin.com/in/sayeefkhan/,2026-09-24T09:04:51.986Z,3:05 PM,AI4BT-2
AI4BT-2026-164669,Md Yahin Hossain,Assistant Professor,R. P. Shaha University,saadi9921@gmail.com,01683931400,01683931400,Not provided,2026-09-24T09:04:00.493Z,3:04 PM,AI4BT-2
AI4BT-2026-400082,Ashfaqul Azam,Assistant Corporate Finance Manager,BAT Bangladesh,ashfaqafnan@gmail.com,01313701995,01313701995,Not provided,2026-09-24T09:00:58.276Z,3:01 PM,AI4BT-2
AI4BT-2026-554352,Kawser Ferdous Safi,Developer,AI4BT Global,devsafix@gmail.com,+8801709190412,+8801709190412,https://www.linkedin.com/in/devsafix/,2026-09-24T08:55:15.607Z,2:55 PM,AI4BT-2
AI4BT-2026-648437,Zohair Hasan,CIO,CoRiser Transform FZ-LLC,zohair016h@gmail.com,+8801577095072,+8801577095072,Not provided,2026-09-24T08:45:57.832Z,2:46 PM,AI4BT-2
AI4BT-2026-748389,Md Sharif Alam,SPO & RM,AB Bank PLC.,sharif30121992@gmail.com,01515298464,01515298464,Not provided,2026-09-24T08:45:41.995Z,2:45 PM,AI4BT-2
AI4BT-2026-530188,Mohammad Saifuddin,Head of Quality Assurance,Babylon Group,saifuddin.bhuiyan@babylon-bd.com,+8801974183847,+8801974183847,https://www.linkedin.com/in/saifuddin-bhuiyan-ab504b62/,2026-09-24T05:49:58.406Z,11:50 AM,AI4BT-2
AI4BT-2026-323017,Ashraf Ali,Graphics Designer,Upwork,ashrafaligfx@gmail.com,01576642729,01576642729,Not provided,2026-09-24T05:31:05.831Z,11:31 AM,AI4BT-2
AI4BT-2026-102117,Mohammad Musa,Head of IT,Babylon Group,mohammad.musa@babylon-bd.com,01841085035,01841085035,Not provided,2026-09-24T05:30:35.582Z,11:30 AM,AI4BT-2
AI4BT-2026-390387,Abdul Mannan,Founder,Tutors Circle,mannanctg97@gmail.com,01821975794,01821975794,Not provided,2026-09-24T05:29:24.648Z,11:29 AM,AI4BT-2
AI4BT-2026-102605,Afia Parveen,Transformation Coach,Self Employed,afiap2016@gmail.com,+8801819210309,+8801819210309,https://www.linkedin.com/in/afiaparveenlifecoachplaybiginlife,2026-09-24T05:14:14.784Z,11:14 AM,AI4BT-2
AI4BT-2026-408815,Md. Kamrul Hasan,Sr. AD,Daffodil Group,mdkh.cma@gmail.com,01913135488,01913135488,Not provided,2026-09-24T04:57:47.883Z,10:57 AM,AI4BT
AI4BT-2026-111106,MEHEDI HASAN,Asst Manager,Star Tech and Engineering Ltd,mh819346@gmail.com,+8801631956294,+8801631956294,https://www.linkedin.com/in/mahedi-h-samir-039513216/?isSelfProfile=true,2026-09-24T04:55:12.775Z,10:55 AM,AI4BT
AI4BT-2026-909089,kazi riazul islam,marketing,zadid food,riazuli20@gmail.com,01920202181,01920202181,Not provided,2026-09-24T04:52:24.051Z,10:52 AM,AI4BT
AI4BT-2026-972400,Abdul Karim,Student,HC,mak141197@gmail.com,01796531736,01796531736,Not provided,2026-09-24T04:44:03.334Z,10:44 AM,AI4BT
AI4BT-2026-487425,Md Ashraful,Data Scientist,Brac IT Servicea,md.ashraful@bracits.com,01750839483,01750839483,https://www.linkedin.com/in/md-ashraful-islam-5192a715a?utm_source=share_via&utm_content=profile&utm_medium=member_android,2026-09-24T04:42:26.005Z,10:42 AM,AI4BT
AI4BT-2026-824816,Md.SADEKUR RAHMAN,MD,Multivision United Limited,alazhar.uni2010@gmail.com,01733965450,+8801733965450,Not provided,2026-09-24T04:36:44.213Z,10:36 AM,AI4BT
AI4BT-2026-415852,Md Shaharul Islam,Manager,Asloob Bedaa contracting company,shaharul@asloobb.com,0569250725,0569250725,Not provided,2026-09-24T04:24:47.236Z,10:24 AM,AI4BT
AI4BT-2026-274004,Abdullah Al Mahmud,Foundor and CEO,Boi Lagbe,abdullahalmahmud869@gmail.com,+8801996507712,01996507712,https://www.linkedin.com/in/abdulla-al-mahmud-747933314?utm_source=share_via&utm_content=profile&utm_medium=member_android,2026-09-24T04:16:29.859Z,10:16 AM,AI4BT
AI4BT-2026-275609,Md. Jahangir Hossain,Head of Digital Transformation,LankaBangla Securities PLC.,md.jahangir@lbsbd.com,+8801709641671,+8801709641671,https://www.linkedin.com/in/md-jahangir-hossain/,2026-09-24T04:01:32.099Z,10:01 AM,AI4BT
AI4BT-2026-876369,Md Faruk Mamun,Computer Programmer,Bangladesh Maritime University,mamun.ict@bmu.edu.bd,01911655551,01911655551,https://www.linkedin.com/in/md-faruk-mamun-07384b378/,2026-09-24T03:15:39.831Z,9:15 AM,AI4BT
AI4BT-2026-317237,Masbah Ul Islam Mahi,Executive Engineer,Dhaka Power Distribution Company limited,mahi.dpdc@gmail.com,01730335130,01730335130,Not provided,2026-09-24T02:48:14.915Z,8:48 AM,AI4BT
AI4BT-2026-788218,Tanvir Wahid,Project associate/HAT program,EDGE ICT,tanvirwahid1979@gmail.com,01749380209,01749380209,Not provided,2026-09-23T22:41:17.152Z,4:41 AM,AI4BT
AI4BT-2026-819056,Mainul Kabir Tanvir,Senior Executive,Delco IT,itsmainulkabir@gmail.com,01855617977,01855617977,https://www.linkedin.com/in/mktanvir?utm_source=share_via&utm_content=profile&utm_medium=member_android,2026-09-23T20:28:15.422Z,2:28 AM,AI4BT
AI4BT-2026-468215,Hosne Ara Begum,"Director, Business Development","Aemers LLC, USA",hosnearam1210@gmail.com,01711025670,01711025670,https://www.linkedin.com/in/hosne-ara-begum-pmp%C2%AE-8b6461118,2026-09-23T19:29:17.502Z,1:29 AM,AI4BT
AI4BT-2026-968567,Tariq Alam,Strategic AI Lead,https://denagenticai.com/,alamtariqmd@gmail.com,6475511633,+16475511633,https://www.linkedin.com/in/alamtariq/,2026-09-23T18:54:43.718Z,12:54 AM,AI4BT
AI4BT-2026-636375,Mohammad Golam Rakib,Chief Executive Officer,UrBizSol,rakib.mgr20@gmail.com,+8801700776867,+8801700776867,https://www.linkedin.com/in/mohammad-golam-rakib-39b488b6?utm_source=share_via&utm_content=profile&utm_medium=member_android,2026-09-23T18:51:32.775Z,12:51 AM,AI4BT
AI4BT-2026-180828,Niamur Rahman,Final year Student,EXIM Bank Agricultural University Bangladesh,niamur2018@gmail.com,01517836483,01517836483,linkedin.com/in/niamurrahman/,2026-09-23T17:14:41.121Z,WED SEP 23 11:14 PM,AI4BT
AI4BT-2026-432546,gias udin,Founder and CTO,Gtech It solutions,giasuddin.me90@gmail.com,01630480451,01630480451,Not provided,2026-09-23T17:08:30.402Z,WED SEP 23 11:08 PM,AI4BT
AI4BT-2026-232673,Md Tariqul Hakim,Lieutenant Colonel,Bangladesh Army,tariq5316@gmail.com,+8801754562652,+8801754562652,Not provided,2026-09-23T16:40:56.127Z,WED SEP 23 10:41 PM,AI4BT
AI4BT-2026-543511,kawsar Jahan,conultant,Wipro IT Services Ltd,jahankawsar82@gmail.com,01711505428,01711505428,Not provided,2026-09-23T16:21:02.583Z,WED SEP 23 10:21 PM,AI4BT
AI4BT-2026-997969,Md Shalim Sharder,GM (Production &Marketing),Karooni Yarn Dyeing Ltd,yarndyeing@karooni.com,01711596439,01711596439,Md Shalim Sharder,2026-09-23T15:13:21.502Z,WED SEP 23 9:13 PM,AI4BT
AI4BT-2026-191620,Rayhan Hossen,Senior BI System Engineer,BracIT Services Limited,to.rayhanhossen@gmail.com,01621145012,01621145012,https://www.linkedin.com/in/rayhanhossen/,2026-09-23T14:28:29.066Z,WED SEP 23 8:28 PM,AI4BT
AI4BT-2026-160986,Md Mizanur Rahman Chowdhury,Director,Pipra Ltd,mizanur121276@gmail.com,01972213145,01972213145,Not provided,2026-09-23T14:05:39.175Z,WED SEP 23 8:05 PM,AI4BT
AI4BT-2026-226984,Md Tazvir Rahat,Student,North South University,tazvirrahat12@gmail.com,01703837634,01703837634,Not provided,2026-09-23T13:18:54.882Z,WED SEP 23 7:19 PM,AI4BT
AI4BT-2026-474023,Samser Ali Md Harun,Software Specialist,Planning Division,samharun@gmail.com,01714116624,01714116624,https://www.linkedin.com/in/samharun/,2026-09-23T12:27:12.416Z,WED SEP 23 6:27 PM,AI4BT
AI4BT-2026-600446,Md. Moustafezur Rahman,Assistant Manager,Universal Medical College Hospital,mfezur@gmail.com,+8801717074159,+8801717074159,Not provided,2026-09-23T12:01:31.834Z,WED SEP 23 6:01 PM,AI4BT
AI4BT-2026-559080,Md. Razib Hossain,Deputy Manager,Epyllion Group,razib.hossain@epylliongroup.com,01734503977,01734503977,https://www.linkedin.com/in/razib-hossain,2026-09-23T11:55:28.009Z,WED SEP 23 5:55 PM,AI4BT
AI4BT-2026-550813,Md Mamunur Rashid,Finance Director,Canadian University of Bangladesh,mamun_ku_finance@yahoo.com,01911498031,01911498031,Not provided,2026-09-23T11:42:24.502Z,WED SEP 23 5:42 PM,AI4BT
AI4BT-2026-188081,Omar Faruque,Marketing Officer,Excellent World Agro food cosmetics L.TD,omarfarukreyed66@gmail.com,+8801343487014,01343487014,Not provided,2026-09-23T11:23:31.832Z,WED SEP 23 5:23 PM,AI4BT
AI4BT-2026-476667,Group Captain Md Abul Hossain,Adviser,AI4BT,info@ahsventureltd.com,019143919377,019143919377,Not provided,2026-09-23T11:06:32.908Z,WED SEP 23 5:06 PM,AI4BT
AI4BT-2026-273063,Raza Zahir Khan,Cybersecurity Professional,Bangladesh Army,raza.zahir.khan6980@gmail.com,01711225292,01711225292,https://www.linkedin.com/in/raza-zahir-khan-psc-89aa1b64?utm_source=share_via&utm_content=profile&utm_medium=member_android,2026-09-23T11:05:36.726Z,WED SEP 23 5:05 PM,AI4BT
AI4BT-2026-420064,Bedesh Ghosh,Senior Project Manager,Shah Cement Industries Limited,ghoshbuet@gmail.com,+8801717177509,+8801717177509,Not provided,2026-09-23T10:59:38.608Z,WED SEP 23 4:59 PM,AI4BT
AI4BT-2026-400006,Tamanna Rahman,Student,01406664845,tamannar240@gmail.com,01406664845,01406664845,tamannaraisa,2026-09-23T10:27:40.094Z,WED SEP 23 4:27 PM,AI4BT
AI4BT-2026-464614,Md. Habib Miaji,Deputy Executive Director,WALTON,hmiaji_duet@yahoo.com,+8801714757813,+8801714757813,Not provided,2026-09-23T10:23:53.025Z,WED SEP 23 4:24 PM,AI4BT
AI4BT-2026-282275,Tanimul Haque Khan,Senior Engineering Manager,Brain Station 23,tanimul.haque@brainstation-23.com,+8801912995783,+8801912995783,https://www.linkedin.com/in/tanimulhaquekhan/,2026-09-23T10:22:05.736Z,WED SEP 23 4:22 PM,AI4BT
AI4BT-2026-345303,Raisul Kabir,CEO,Brain Station 23 Ltd,raisul@brainstation-23.com,+8801713458492,+8801713458492,raisul,2026-09-23T10:12:30.188Z,WED SEP 23 4:12 PM,AI4BT
AI4BT-2026-225837,Md Fakhrul Islam,PM and CICO,Zaytoon Fintech Limited,suzan7sust@gmail.com,01787693969,01787693969,Not provided,2026-09-23T09:55:35.276Z,WED SEP 23 3:55 PM,AI4BT
AI4BT-2026-406262,MD ADIB IBNE YOUSUF,Senior Program Manager,ULKASEMI Pvt. Limited,adibiyousuf@gmail.com,+8801737533961,+8801737533961,https://www.linkedin.com/in/adibiyousuf/,2026-09-23T09:28:03.220Z,WED SEP 23 3:28 PM,AI4BT
AI4BT-2026-969120,Salah Uddin Ahmed Chowdhury,"Manager, Regional Operation",EDOTCO BANGLADESH CO LTD,salahuddinchowdhury111@gmail.com,01817181219,01817181219,https://www.linkedin.com/in/salah-uddin-ahmed-chowdhury-3205b836/,2026-09-23T09:27:16.478Z,WED SEP 23 3:27 PM,AI4BT
AI4BT-2026-498967,Dewan Md Robiul Islam,Head of MT & Corporate Sales,LAKAWI FOODS Ltd,corporatesales@lakawifoods.com,01332561350,01332561350,Not provided,2026-09-23T09:18:13.586Z,WED SEP 23 3:18 PM,AI4BT
AI4BT-2026-181302,Abdur Rashid,Director,Radius and Co,radius.dhaka@gmail.com,+8801712990060,+8801712990060,Not provided,2026-09-23T09:09:37.210Z,WED SEP 23 3:09 PM,AI4BT
AI4BT-2026-530920,Md. Abdul Qaiyum Talukder,Manager,City Bank PLC,qaiyumkuet@gmail.com,01710-567200,01710-567200,Not provided,2026-09-23T09:03:03.092Z,WED SEP 23 3:03 PM,AI4BT
AI4BT-2026-190697,Mostaque Ahmed,Senior Opposition Engineer,RedDot Digital Limited,mostaque.ahmed@reddotdigitalit.com,+8801819210079,+8801819210079,www.linkedin.com/in/mostaque-ahmed-86151569,2026-09-23T09:02:35.632Z,WED SEP 23 3:02 PM,AI4BT
AI4BT-2026-589627,Md. Liaquat Ali,CEO & MD,Creative Enterprise,werone.ali@gmail.com,01740191494,01740191494,Not provided,2026-09-23T09:02:04.319Z,WED SEP 23 3:02 PM,AI4BT
AI4BT-2026-129858,Md. Yasin Arafat,Asst. Manager,Navana Pharmaceuticals PLC.,arafat.source@gmail.com,01728577372,01728577372,Not provided,2026-09-23T08:58:28.181Z,WED SEP 23 3:09 PM,AI4BT
AI4BT-2026-109536,Md Faizul Alam,CEO,Hikmah C@talyst,info@hikmahcatalyst.com,01800060093,01800060093,Not provided,2026-09-23T08:56:47.683Z,WED SEP 23 2:57 PM,AI4BT
AI4BT-2026-741508,Ashim Shol,Sr.Executive,Meghna rolling & steel mills ltd,ashimshil0@gmail.com,01861021601,01861021601,Not provided,2026-09-23T08:56:26.763Z,WED SEP 23 2:56 PM,AI4BT
AI4BT-2026-131139,Mozaharulislam,Senior general manager,Max group,mozaharlimon@gmail.com,01758423327,01758423327,Not provided,2026-09-23T08:54:33.934Z,WED SEP 23 2:54 PM,AI4BT
AI4BT-2026-325020,Monirul Islam Daimond,Sr. Executive,Sharif Pharmaceuticals Ltd,daimonddd10@gmail.com,01676-727344,01676-727344,Not provided,2026-09-23T08:51:09.503Z,WED SEP 23 2:51 PM,AI4BT
AI4BT-2026-304571,Md.Nazrul Islam,Director Business Development,FSN Solution Limited,nazrul@fsnitsolutions.com,01700744684,01700744684,Not provided,2026-09-23T08:50:41.643Z,WED SEP 23 2:50 PM,AI4BT
AI4BT-2026-747956,A M AKHTARUZZAMAN,Project manager,WID,akhtar729@gmail.com,01711008261,01711008261,https:// linkedin.com/in/akhtar729,2026-09-23T08:50:35.582Z,WED SEP 23 2:50 PM,AI4BT
AI4BT-2026-923141,Md. Abul Hasnat,Project Manager,ABB Limited,hasnat.ece26@gmail.com,+8801713068290,+8801713068290,https://www.linkedin.com/in/hasnat26/,2026-09-23T08:48:52.050Z,WED SEP 23 2:49 PM,AI4BT
AI4BT-2026-471258,Md. Rashadul Alam,Senior Project Manager,BJIT Limited,rashed.techpro@gmail.com,01794620787,01794620787,https://www.linkedin.com/in/mdrashadulalam/,2026-09-23T08:48:37.743Z,WED SEP 23 2:48 PM,AI4BT
AI4BT-2026-463143,Md Saifur Rahman,Project Manager,XpertSolvers,ranacse@gmail.com,01817141346,01817141346,Not provided,2026-09-23T08:47:23.194Z,WED SEP 23 2:47 PM,AI4BT
AI4BT-2026-982454,MD. JAYEDUL Hossain,SEO & Digital Marketing Team Leader,Intuitive Solutions BD & Urban Eatery UK,jayedhossain.info@gmail.com,01729925731,01729925731,Not provided,2026-09-23T08:46:02.536Z,WED SEP 23 2:46 PM,AI4BT
AI4BT-2026-732141,Md. Imran Khan,Proprietor,Isra Engineering & Consortium,miksohan@gmail.com,01734528977,01734528977,https://www.linkedin.com/in/miksohan/,2026-09-23T08:45:57.868Z,WED SEP 23 2:46 PM,AI4BT
AI4BT-2026-931569,Md.Bulbul Ahmed,"Manager,Sales & Marketing",01734125973,mp.bulbul83@gmail.com,01734125973,01734125973,Not provided,2026-09-23T08:32:09.178Z,WED SEP 23 2:32 PM,AI4BT
AI4BT-2026-167887,Sk Didarul Alam,Head of Sourcing,DK Company A/S,skdidarul@gmail.com,+88017159563,+88017159563,https://www.linkedin.com/in/skdidarul/,2026-09-23T08:28:46.085Z,WED SEP 23 2:28 PM,AI4BT
AI4BT-2026-329090,Masum Khondhoker Efaz,Junior executive,Akij venture Group,efazkh@gmail.com,01840555557,01840555557,https://www.linkedin.com/in/masum-khondhoker-efaz,2026-09-23T08:27:15.947Z,WED SEP 23 2:27 PM,AI4BT
AI4BT-2026-551329,Sazzad Shoyeb,Brand Archirect,Strategic Helm,sazzadhshoyeb@gmail.com,+8801720084081,+8801720084081,https://www.linkedin.com/in/sazzadshoyeb,2026-09-23T08:25:25.361Z,WED SEP 23 2:25 PM,AI4BT
AI4BT-2026-798930,Kartick Kumer Saha,General Manager,HNS Automobiles Limited,karticksaha44@gmail.com,+8801711220219,+8801711220219,https://www.linkedin.com/in/kartick-kumer-saha-776180a3?utm_source=share_via&utm_content=profile&utm_medium=member_ios,2026-09-23T08:11:41.546Z,WED SEP 23 2:11 PM,AI4BT
AI4BT-2026-684904,Wahid Hannan Ullash,General Manager,System Engineering Ltd.,whullash@gmail.com,01841359353,01841359353,Not provided,2026-09-23T07:56:54.338Z,WED SEP 23 1:57 PM,AI4BT
AI4BT-2026-658188,Md.Masud Rana,Owner,Bir Digital Point,impoint24@gmail.com,01916978254,01916978254,Not provided,2026-09-23T07:51:45.063Z,WED SEP 23 1:51 PM,AI4BT
AI4BT-2026-958363,Md. Abdul Majid,DGM,01913222693,majid_ctg@yahoo.com,01913222693,01913222693,Not provided,2026-09-23T07:23:24.957Z,WED SEP 23 1:23 PM,AI4BT
AI4BT-2026-600147,Muhammad Aminul Hoque FCA,Partner,ACNABIN,mahoque2019@gmail.com,01671024714,01671024714,Not provided,2026-09-23T07:21:48.278Z,WED SEP 23 1:21 PM,AI4BT
AI4BT-2026-534112,Md. Abul Kalam Azad,IT Manager,Reliance Corporation Ltd.,azad@reliancecorp-bd.com,+8801712771408,+8801712771408,https://linkdin.com/in/akazad7714,2026-09-23T05:52:15.894Z,WED SEP 23 11:52 AM,AI4BT
AI4BT-2026-745952,Faysal Mahamud,Manager,Fihancy,faysal.turjo@fihancy.com,01720598914,01720598914,mturjo,2026-09-23T04:57:30.420Z,WED SEP 23 10:57 AM,AI4BT
AI4BT-2026-100671,Zahid Hossain,CEO,Malvera Technologies,zahid@malveratechnologies.com,01712669104,01712669104,Not provided,2026-09-23T04:52:07.397Z,WED SEP 23 10:52 AM,AI4BT
AI4BT-2026-674347,Sadia Anzam,Data Scientist,bracIT,sadia.anzam@bracits.com,01322-908504,01322-908504,https://www.linkedin.com/in/sadia-anzum-jui,2026-09-23T03:56:03.519Z,WED SEP 23 9:56 AM,AI4BT
AI4BT-2026-526692,Sumon Ahmed,Regional Sales Manager,Super Star Group,sumon.9981@gmail.com,+8801775403074,+8801775403074,Not provided,2026-09-23T01:49:32.754Z,WED SEP 23 7:49 AM,AI4BT
AI4BT-2026-582281,Fahmida Osman,Channel Partner Manager,Proximus Global,Fahmida@routemobile.com,+8801711744214,+8801711744214,https://www.linkedin.com/in/fahmida-osman?utm_source=share_via&utm_content=profile&utm_medium=member_android,2026-09-22T15:40:44.743Z,TUE SEP 22 9:40 PM,AI4BT
AI4BT-2026-841356,Md. Jahidur Rahman,First Asst Vice President,Mutual trust bank plc,r.jahidur@mutualtrustbank.com,01913899853,01913899853,https://www.linkedin.com/in/md-jahidur-rahman-18783994?utm_source=share_via&utm_content=profile&utm_medium=member_android,2026-09-22T14:34:34.622Z,TUE SEP 22 8:34 PM,AI4BT
AI4BT-2026-617987,Jubayer Hossen,BI System Engineer,Brac IT Services,jubayer.hossen@bracits.com,01858145460,01858145460,https://www.linkedin.com/in/jh-cs,2026-09-22T14:31:38.268Z,TUE SEP 22 8:31 PM,AI4BT
AI4BT-2026-330905,Arique Hussain,Associate Data Scientist,BRAC IT,arique.hussain@bracits.com,01335114604,01335114604,https://www.linkedin.com/in/arique-hussain-11039b313?utm_source=share_via&utm_content=profile&utm_medium=member_ios,2026-09-22T13:37:04.766Z,TUE SEP 22 7:37 PM,AI4BT
AI4BT-2026-460133,Saikat Mitra,Lead Data Scientist,BRAC IT Services Limited,saikat.mitra@bracits.com,+8801521208842,+8801521208842,Not provided,2026-09-22T13:23:46.841Z,TUE SEP 22 7:23 PM,AI4BT
AI4BT-2026-771326,Md. Faysal Hossain,Sr. Executive (Internal Audit),Sparkle Knit Composite Ltd,faysal.skcl@gmail.com,01714556113,01714556113,Not provided,2026-09-22T11:08:32.116Z,TUE SEP 22 5:08 PM,AI4BT
AI4BT-2026-412968,islam nahian,Software Eng.,Dekko Legacy Group,islamnahian3@gmail.com,01674895123,01674895123,https://www.linkedin.com/in/nahian-islam-418089174/,2026-09-22T11:06:49.419Z,TUE SEP 22 5:07 PM,AI4BT
AI4BT-2026-835235,Md Abdul Based,Manager . accounts and finance,Sparkle knit composite ltd,basedskcl@gmail.com,01713388217,01713388217,https://www.linkedin.com/in/syed-mohammad-farhaduzzaman-080721118,2026-09-22T11:03:02.573Z,TUE SEP 22 5:03 PM,AI4BT
AI4BT-2026-166078,Syed Mohammad Farhaduzzaman,Manager. IAD,Sparkle knit composite ltd,syedhira100@gmail.com,01675622851,01675622851,https://www.linkedin.com/in/syed-mohammad-farhaduzzaman-080721118,2026-09-22T10:53:39.602Z,TUE SEP 22 4:53 PM,AI4BT
AI4BT-2026-624128,Priyanka Sarkar,"Techno-sales, Enterprise Business (Cybersecurity)",Smart Technologies (BD) Ltd.,priyanka.sarkar@smartbd.com,+8801687485800,+8801687485800,www.linkedin.com/in/priyanka-sarkar-b33534224,2026-09-22T10:12:49.668Z,TUE SEP 22 4:12 PM,AI4BT
AI4BT-2026-946359,Md. Arman Hossain,Founder,Metro Mart,ahjoy.info@gmail.com,01620370530,01620370530,https://www.linkedin.com/in/armanhossainjoy/,2026-09-22T10:09:29.692Z,TUE SEP 22 4:09 PM,AI4BT
AI4BT-2026-678017,Md Hossain,"Deputy Manager, Brand Communication",Unitex LP Gas Ltd.,ikhtiar.hossain000@gmail.com,01793599955,01793599955,Not provided,2026-09-22T09:52:59.412Z,TUE SEP 22 3:53 PM,AI4BT
AI4BT-2026-920623,Zannatul Ferdous Sara,Executive Sales & Partnership,Moar,zannatulferdoussaru@gmail.com,01972855025,01972855025,Not provided,2026-09-22T09:32:58.873Z,TUE SEP 22 3:33 PM,AI4BT
AI4BT-2026-621134,Tariquzzaman Palash,"Manager, Business Development",ixora Solution Ltd,tariquzzamandu2011@gmail.com,01726261870,01315782681,https://www.linkedin.com/in/tariquzzamanpalash/,2026-09-22T08:19:41.328Z,TUE SEP 22 2:19 PM,AI4BT
AI4BT-2026-599917,Golam Jakaria,Executive Officer ( Vat & Tax),Q Center Q Hotel Dhaka,golamjakaria25@gmail.com,01737494390,01737494390,Not provided,2026-09-22T07:40:51.496Z,TUE SEP 22 1:41 PM,AI4BT
AI4BT-2026-710337,Ahmed Ullah Musa,Founder,Braigic Advisory,musa.mkt22@gmail.com,01785643254,01785643254,Not provided,2026-09-22T05:48:46.811Z,TUE SEP 22 11:48 AM,AI4BT
AI4BT-2026-787389,Shahadat Hossen,Job holder,Intern BYSDO,shlshahadat@gmail.com,01903819017,01903819017,Not provided,2026-09-22T05:28:56.499Z,TUE SEP 22 11:29 AM,AI4BT
AI4BT-2026-585487,Quazi Shaklain,Vice President,Dhaka Bank PLC.,quazi.shaklain@dhakabank.com.bd,+8801713089607,+8801713089607,https://linked.com/in/shaklain,2026-09-22T05:27:19.229Z,TUE SEP 22 11:27 AM,AI4BT
AI4BT-2026-853745,Ihtishamul Haque Naeem,Machine Translator Arabic,Bangladesh Computer Council,naeemazhar95@gmail.com,01626211926,01626211926,Not provided,2026-09-22T05:03:35.937Z,TUE SEP 22 11:03 AM,AI4BT
AI4BT-2026-736427,Md. Maruf Hasan,Social Media Coordinator,Eco-Social Development Organization (ESDO),hasanmdmaruf2012@gmail.com,+8801870464517,+8801870464517,https://www.linkedin.com/in/maruf-the-digital-marketer/,2026-09-22T04:11:50.191Z,TUE SEP 22 10:12 AM,AI4BT
AI4BT-2026-379237,Md. Iqbal Hossain,Manager,Jamuna Bank PLC,hossain.iqbal@jamunabank.com.bd,01883285263,01883285263,mdiqbalhossaindu,2026-09-22T03:59:04.488Z,TUE SEP 22 9:59 AM,AI4BT
AI4BT-2026-361120,Mia Md. Yakin Uzhia,Asst. Manager,JABS Energy ltd,uzhia.eee@gmail.com,01688118526,01688118526,Not provided,2026-09-22T02:14:49.929Z,TUE SEP 22 8:15 AM,AI4BT
AI4BT-2026-215397,Arman Chowdhury,President,Shibganj Youth Development & Welfare Foundation,chowdhuryarman102@gmail.com,01550169177,01550169177,https://www.linkedin.com/in/arman-chowdhury-36a068289?utm,2026-09-21T18:21:48.437Z,TUE SEP 22 12:21 AM,AI4BT
AI4BT-2026-835074,Ishtiaq Rahman,Managing Director,Prachyo Solutions Ltd.,info@prachyo.com,01715199520,01715199520,Not provided,2026-09-21T18:08:59.039Z,TUE SEP 22 12:09 AM,AI4BT
AI4BT-2026-310647,Md. Jamal Hossain,Founder,NextGen Driving Academy,nextgendriving2@gmail.com,+8801675323696,+8801675323696,Not provided,2026-09-21T18:04:58.345Z,TUE SEP 22 12:05 AM,AI4BT
AI4BT-2026-130823,Muhammad Arman Kabir,Officer,NRBC Bank PLC,arman@nrbcommercialbank.com,01739326736,01739326736,Not provided,2026-09-21T17:25:57.899Z,MON SEP 21 11:26 PM,AI4BT
AI4BT-2026-969568,Mahbuba Yesmin Turaba,Founder & CEO,MindSpark,mahbuba.yesmin11@gmail.com,+8801718369165,+8801718369165,https://www.linkedin.com/in/mahbuba-yesmin-turaba-02682aaa/,2026-09-21T17:25:51.061Z,MON SEP 21 11:26 PM,AI4BT
AI4BT-2026-953639,Riad Mahmud,Director,360D Soul Ltd.,riadmahmud@gmail.com,01922000025,01922000025,https://www.linkedin.com/in/riadmahmud?utm_source=share_via&utm_content=profile&utm_medium=member_android,2026-09-21T17:11:20.236Z,MON SEP 21 11:11 PM,AI4BT
AI4BT-2026-296289,Md. Topu Raihan,Backend Developer,Green Delta Insurance PLC,topuraihan85@gmail.com,01748117651,01748117651,https://www.linkedin.com/in/raihantopu/,2026-09-21T17:05:24.492Z,MON SEP 21 11:05 PM,AI4BT
AI4BT-2026-115474,MD NURUL MOSTAFA,OFFICE ADMINISTRATION,Alpha Service Centre,mdnurulmostafadm@gmail.com,+97450429857,+97450429857,Not provided,2026-09-21T16:55:34.001Z,MON SEP 21 10:55 PM,AI4BT
AI4BT-2026-717851,Rezwan,Director,Mpl,rezahsan@gmail.com,+88001726629028,+88001726629028,Not provided,2026-09-21T16:34:04.384Z,MON SEP 21 10:34 PM,AI4BT
AI4BT-2026-370755,Sifaf Hosen,Deputy Sales Manager,Kolpolok Limited,sifat@kolpolok.com,01686222302,01686222302,Not provided,2026-09-21T16:24:04.122Z,MON SEP 21 10:24 PM,AI4BT
AI4BT-2026-609389,Md. Mir Kashem,Asst. Manager,Beximco Pharmaceuticals PLC.,mdkshuvo@gmail.com,+8801712848004,+8801712848004,https://www.linkedin.com/in/mirkashem/,2026-09-21T16:15:18.071Z,MON SEP 21 10:15 PM,AI4BT
AI4BT-2026-212694,Aminul Islam,CTO,BARCODETECH AUTOMATION LTD,cto@ba-ts.com,+8801318322377,+8801318322377,https://www.linkedin.com/in/aminulislamm/,2026-09-21T16:07:21.227Z,MON SEP 21 10:07 PM,AI4BT
AI4BT-2026-917626,EMDAD YUSUF,Senior Safety Engineer,Kontoor Brands Inc,emdad.yusuf@kontoorbrands.com,+8801911663667,+8801911663667,https://www.linkedin.com/in/emdad1731,2026-09-21T15:35:43.851Z,MON SEP 21 9:35 PM,AI4BT
AI4BT-2026-748324,A.S.M Rafiuzzaman,CSO,China Southern Airlines,rafisazin.zaman@gmail.com,+8801410539940,+8801410539940,Not provided,2026-09-21T15:32:08.245Z,MON SEP 21 9:32 PM,AI4BT
AI4BT-2026-584986,Md Asrafuzzaman,DevOps engineer,Miaki Media LTD,asrafhasib@gmail.com,01830966766,01830966766,Not provided,2026-09-21T15:14:18.521Z,MON SEP 21 9:14 PM,AI4BT
AI4BT-2026-937656,Riaz Mahmood,Senior Officer,Sammilito Bank PLC,riazsumon.iiuc@gmail.com,+8801713034364,+8801713034364,https://www.linkedin.com/in/riaz-mahmood-68694226,2026-09-21T15:11:51.260Z,MON SEP 21 9:12 PM,AI4BT
AI4BT-2026-140119,Md Abadul Islam,Sr. Software Engineer,BRACITS,abadul.islam@bracits.com,01783011110,01783011110,Not provided,2026-09-21T15:03:54.737Z,MON SEP 21 9:04 PM,AI4BT
AI4BT-2026-553403,Mahmudul Hassan,CEO,ElectroCom Ideas & Technologies Ltd,md.mahmudul.hassan.nahid@gmail.com,01718262645,01718262645,Not provided,2026-09-21T11:32:27.716Z,MON SEP 21 5:32 PM,AI4BT
AI4BT-2026-559743,Md.Shahidul Islam Khan,QC Engineer,Imarat Designers and consultants,shahed1500047@gmail.com,01766735989,01766735989,Not provided,2026-09-21T05:10:41.904Z,MON SEP 21 11:10 AM,AI4BT
AI4BT-2026-598435,Sumon Kante Singha,Chief Human Resources Officer (CHRO),Fakir Group,sumonsingha@gmail.com,+8801612282535,+8801612282535,https://www.linkedin.com/in/sumonsingha?utm_source=share&utm_campaign=share_via&utm_content=profile&utm_medium=ios_app,2026-09-21T05:06:37.312Z,MON SEP 21 11:06 AM,AI4BT
AI4BT-2026-855531,Md. Shohel Anwarr,"Asst.Professors, FDT",SMUCT,apu_shohel@yahoo.com,+8801971150906,+8801971150906,Not provided,2026-09-21T02:03:41.110Z,MON SEP 21 8:03 AM,AI4BT
AI4BT-2026-251380,Emdad Hossain,Founder,P Benchmark,emdad.cse@gmail.com,+8801912251070,+8801912251070,https://www.linkedin.com/in/emdadcse/,2026-09-20T18:49:57.315Z,MON SEP 21 12:50 AM,AI4BT
AI4BT-2026-463397,Khaza Newaz Muhammad,AI Security Researcher and Senior Faculty,Brac University,knewaz@gmail.com,+8801707181494,+8801707181494,Not provided,2026-09-20T15:30:23.601Z,SUN SEP 20 9:30 PM,AI4BT
AI4BT-2026-542573,Maj Gen Md Mostafizur Rahman,Adjunct Professor MIST,MIST,mostafiz1140@gmail.com,01769004431,01769004431,"Maj Gen Md Mostafizur Rahman, SUP, ndc, hdmc, afwc, psc, PhD (Retd)",2026-09-20T15:09:06.752Z,SUN SEP 20 9:09 PM,AI4BT
AI4BT-2026-824232,Mohammad Feroz Alam,SAVP,Prime Bank,feroz.alam0978@gmail.com,01730358602,01730358602,Mohammad Feroz Alam,2026-09-20T14:14:52.627Z,SUN SEP 20 8:15 PM,AI4BT
AI4BT-2026-555638,Shabbar Mustafa,Adviser,Penta Global Ltd.,s.mustafa@pentabd.com,01715104355,01715104355,www.pentabd.com,2026-09-20T13:27:12.444Z,SUN SEP 20 7:27 PM,AI4BT
AI4BT-2026-498336,Professor MS Sobhan,Founder & CEO,Robodemy & AI LifeStyle,noyem.rh@gmail.com,01754459594,01754459594,https://www.linkedin.com/in/professor-ms-sobhan?utm_source=share_via&utm_content=profile&utm_medium=member_android,2026-09-20T12:16:23.479Z,SUN SEP 20 6:16 PM,AI4BT
AI4BT-2026-903342,Muhammad Abul Kalam Azad,CISO,Eastern Bank PLC.,kalam.azad@ebl-bd.com,01819441362,+8801819441362,https://www.linkedin.com/in/muhammadabulkalamazad/,2026-09-20T08:49:12.506Z,SUN SEP 20 2:49 PM,AI4BT
AI4BT-2026-225458,Md. Iqbal Aziz,Head of Projects,Vertech Engineering,mdiqbalaziz@gmail.com,+8801730376444,+01819558442,Not provided,2026-09-20T08:46:27.446Z,SUN SEP 20 2:46 PM,AI4BT
AI4BT-2026-692339,Mohammed Jaynal Abedin,Research Consultant,EBIINET International,mja.hrrd@gmail.com,+8801790605606,+8801790605606,Not provided,2026-09-20T08:10:45.928Z,SUN SEP 20 2:10 PM,AI4BT
AI4BT-2026-216211,Md Azizul Haque,Head of Integrated Network Management,Banglalink Digital Communications Ltd,azhaque32@gmail.com,01911310136,01911310136,Not provided,2026-09-20T06:26:44.838Z,SUN SEP 20 12:26 PM,AI4BT
AI4BT-2026-292048,Md. Sayeeduth Sadath,Head of Technical,VOICETEL LTD,sadathju@gmail.com,01755629252,01755629252,https://www.linkedin.com/in/sayeeduthsadath,2026-09-20T06:07:13.000Z,SUN SEP 20 12:07 PM,AI4BT
AI4BT-2026-378808,Tasnuva Ali,Head of CSE,UCASM,tasnuvaanuva@gmail.com,01984548310,01984548310,Not provided,2026-09-19T10:15:27.359Z,SAT SEP 19 4:15 PM,AI4BT
AI4BT-2026-898440,Abdul Halim,Associate Professor,Government shohid shuwerdy College Dhaka,abdulhalim1177@gmail.com,01819883314,01819883314,Not provided,2026-09-19T10:09:11.567Z,SAT SEP 19 4:09 PM,AI4BT
AI4BT-2026-514669,SAJADUL HAQUE,"SEVP & Head of the Business, ADC",Pragati Life Insurance PLC,s haque@pragatilife.com,01814650721,01814650721,Not provided,2026-09-19T10:04:31.593Z,SAT SEP 19 4:04 PM,AI4BT
AI4BT-2026-950045,Syed Shakil Shakil,Principal,United college of Aviation Science and Management,shakilbaf@gmail.com,01733953825,01733953825,Not provided,2026-09-19T10:01:03.294Z,SAT SEP 19 4:01 PM,AI4BT
AI4BT-2026-978207,ENGR. ASHIQUR RAHMAN,CEO,EARCO,engr.ashiks@gmail.com,01711476852,01711476852,https://linkedin.com/in/ashikrbd,2026-09-19T08:22:47.865Z,SAT SEP 19 2:22 PM,AI4BT
AI4BT-2026-704654,Muhammad Mijanur Rahman,Solutions Architect,SageRAN,mijanur.rahman@yahoo.com,+8801919040229,+8801919040229,Not provided,2026-09-19T08:17:07.649Z,SAT SEP 19 2:17 PM,AI4BT
AI4BT-2026-617483,Arundhuti Roy,Senior Officer,Hameem Group,arundhutihr@hameemgroup.com,01716343544,01716343544,https://www.linkedin.com/in/arundhuti-roy-48546831?utm_source=share_via&utm_content=profile&utm_medium=member_android,2026-09-19T08:04:05.249Z,SAT SEP 19 2:04 PM,AI4BT
AI4BT-2026-922833,K M Tanbhir Siddiki Sajib,Head of HR,CGN Edra,tanbhir.siddikisajib@edra.energy,01847337928,01847337928,Not provided,2026-09-19T07:41:33.785Z,SAT SEP 19 1:41 PM,AI4BT
AI4BT-2026-466339,Abu Anas,CEO,SIGMIND.ai,abushuvom@gmail.com,01747078074,01747078074,https://linkedin.com/abuanas,2026-09-19T07:37:21.518Z,SAT SEP 19 1:37 PM,AI4BT
AI4BT-2026-673614,Muhammad Razaul karim,Learning Manager,BRAC,razaul.ka@brac.net,+880 170 934 380 1,01709343801,Not provided,2026-09-19T07:14:36.189Z,SAT SEP 19 1:14 PM,AI4BT
AI4BT-2026-604664,Md Raihan Habib,Training Associate,SLSD,mrhrashik@gmail.com,01819151614,01819151614,Not provided,2026-09-19T07:14:03.761Z,SAT SEP 19 1:14 PM,AI4BT
AI4BT-2026-472939,Md.Saiful Islam Khan,General Manager,HRC Technologies Ltd,saiful@hrctech.net,01552331790,01552331790,Not provided,2026-09-19T07:02:08.409Z,SAT SEP 19 1:02 PM,AI4BT
AI4BT-2026-681235,Reaz Hossain,Director Training & Sales,Royal Eco-land ltd,reazh546@gmail.com,01867046242,01867046242,Not provided,2026-09-19T06:43:11.108Z,SAT SEP 19 12:43 PM,AI4BT
AI4BT-2026-997781,Mohiul Islam,General Manager,NalinTex Ltd,mohiulislam109@gmail.com,01686509721,01686509721,Not provided,2026-09-19T06:32:44.629Z,SAT SEP 19 12:32 PM,AI4BT
AI4BT-2026-196333,Humayun Kabir,GH-HR and Admin,Equalizer Group,hk_hrfin@yahoo.com,01711903538,01711903538,Not provided,2026-09-19T06:32:31.404Z,SAT SEP 19 12:32 PM,AI4BT
AI4BT-2026-219802,Salauddin Rafi,AVP; Business Development,Metronet Bangladesh Ltd,salauddin.rafi@metro.net.bd,01715009712,01715009712,https://www.linkedin.com/in/s-m-salauddin-rafi-62aa713?utm_source=share_via&utm_content=profile&utm_medium=member_ios,2026-09-19T06:11:26.877Z,SAT SEP 19 12:11 PM,AI4BT
AI4BT-2026-802869,Ezaz Ahamed,Senior principal officer,Uttara Bank plc.,ezazj1026@gmail.com,01752111333,01752111333,Not provided,2026-09-19T04:44:53.024Z,SAT SEP 19 10:45 AM,AI4BT
AI4BT-2026-597108,Md. Shafiqul Islam,Assistant Manager IE,Glamour Dresses Limited,shafiqul5321@gmail.com,01648853234,01648853234,Not provided,2026-09-18T17:27:19.335Z,FRI SEP 18 11:27 PM,AI4BT
AI4BT-2026-391494,Md Tanvir Khan,"Lead, Trainer Team",NetCom Learning Bangladesh,tanvir.khan@nplus.global,01521208517,01521208517,Not provided,2026-09-18T16:16:06.095Z,FRI SEP 18 10:16 PM,AI4BT
AI4BT-2026-686159,Md Ziaul Hasan,Cloud infrastructure engineer,Wualys,info@vertexlabsolutions.com,001472387999,0013472387999,Not provided,2026-09-18T14:06:16.940Z,FRI SEP 18 8:06 PM,AI4BT
AI4BT-2026-698028,Al-amin Shishir,Head of OD,CBSG,shishir24hrs@gmail.com,+8801710859231,+8801710859231,https://www.linkedin.com/in/al-amin-shishir,2026-09-18T12:59:59.267Z,FRI SEP 18 7:00 PM,AI4BT
AI4BT-2026-235536,MD Hasib Reza,Manager- Power Plant Maintenance &Outage Service,Asia Projects Engineering Pte Ltd,hasibreza@yahoo.com,+8801911370323,+8801911370323,Not provided,2026-09-18T11:12:25.723Z,FRI SEP 18 5:12 PM,AI4BT
AI4BT-2026-569083,Kazi Mohammed Shahid Uddin,Senior Manager,ServicEngine Ltd.,kazishahid452@gmail.com,+8801674806373,+8801674806373,Not provided,2026-09-18T08:25:51.931Z,FRI SEP 18 2:26 PM,AI4BT
AI4BT-2026-821604,uttam kumar,Sr.DPM,Skf pharmaceuticals ltd,uksharma015@gmail.com,01731495645,01731495645,Not provided,2026-09-18T07:08:56.071Z,FRI SEP 18 1:09 PM,AI4BT
AI4BT-2026-337974,MD RAFIQUL ISLAM,Senior Executive (Administration),TEAM Group,rafiqul.hr@gmail.com,01829617986,01829617986,https://www.linkedin.com/in/rafiqhr?utm_source=share_via&utm_content=profile&utm_medium=member_ios,2026-09-18T05:05:00.591Z,FRI SEP 18 11:05 AM,AI4BT
AI4BT-2026-159478,Faiaz Amin Mimo,Business Development Executive,NetCom Learning Bangladesh,mimo.thelegendary@gmail.com,01321167251,01321167251,https://www.linkedin.com/in/faiaz-amin-mimo-76165b170?utm_source=share&utm_campaign=share_via&utm_content=profile&utm_medium=android_app,2026-09-18T05:04:26.156Z,FRI SEP 18 11:04 AM,AI4BT
AI4BT-2026-387175,Imteaz Ibne Mustafa,Head of OD & Talent Management,Fakir Fashion Limited,imteaz.leo@outlook.com,+8801740753604,+8801740753604,https://www.linkedin.com/in/imteazmustafa/,2026-09-18T04:50:18.975Z,FRI SEP 18 10:50 AM,AI4BT
AI4BT-2026-298769,Sree Bipul Mondol,Sr. Executive,Avantex Apparels Ltd.,sreebipulmondol@gmail.com,01929557595,01929557595,Not provided,2026-09-18T03:47:27.863Z,FRI SEP 18 9:47 AM,AI4BT
AI4BT-2026-764608,Mohammad Masud Karim,"Manager, Human Resources",Eurofins Assurance Bangladesh Ltd,masud.karim@gmail.com,01819146587,01819146587,Not provided,2026-09-18T03:26:35.970Z,FRI SEP 18 9:26 AM,AI4BT
AI4BT-2026-555646,Madhusudan Sarkar,Senior Team leader,TÜV SÜD Bangladesh (Pvt.) Ltd,MADHUSUDAN.SARKAR@TUVSUD.COM,01722066970,008801722066970,madhuklbd@gmail.com,2026-09-18T03:24:56.791Z,FRI SEP 18 9:25 AM,AI4BT
AI4BT-2026-204978,Mizanur Rahman,Manager,Fakir Fashion ltd.,rmizanhr@fakirfashion.com,01710252825,01710252825,Not provided,2026-09-18T02:52:04.736Z,FRI SEP 18 8:52 AM,AI4BT
AI4BT-2026-726850,Md. Jahangir Hossain,Head of Digital Transformation,LankaBangla Securities PLC.,jh1911@gmail.com,01709641671,01709641671,Not provided,2026-09-18T02:09:38.012Z,FRI SEP 18 8:09 AM,AI4BT
AI4BT-2026-526258,Hasan Shaharia Chowdhury,Head of Sales and Marketing,AS Group.,shaharia.jsjvl@gmail.com,+8801722194094,+8801722194094,https://bd.linkedin.com/in/shahariar007/,2026-09-17T23:56:54.229Z,FRI SEP 18 5:57 AM,AI4BT
AI4BT-2026-662567,Afsana Jahan,Career Break,Career Break,paprihrm@gmail.com,01344460301,01344460301,Not provided,2026-09-17T23:52:50.818Z,FRI SEP 18 5:53 AM,AI4BT
AI4BT-2026-790448,Elma Arefin,Fresher,Stamford University Bangladesh,elmaarefin02@gmail.com,01967458240,01967458240,Not provided,2026-09-17T23:14:03.200Z,FRI SEP 18 5:14 AM,AI4BT
AI4BT-2026-178174,Jewel Kuri,CEO,Golden Info Systems Ltd,goldeninfotechbd@gmail.com,0178465933,0178465933,Not provided,2026-09-17T17:42:52.224Z,THU SEP 17 11:43 PM,AI4BT
AI4BT-2026-516983,Ihtishamul Haque Naeem,Software tester,"Bangladesh Computer Council, ICT Ministry",naeemeblict@gmail.com,01626211926,01814516180,Not provided,2026-09-17T17:28:35.869Z,THU SEP 17 11:28 PM,AI4BT
AI4BT-2026-116870,A. N. M. Kamrul Alam,General Manager,NewIdea,kamrul.alam.pulak@gmail.com,01711899802,01711899802,Not provided,2026-09-17T17:22:42.741Z,THU SEP 17 11:22 PM,AI4BT
AI4BT-2026-226446,Md Jahidul Hasan,Proprietor,Arshi Trade International,arshitradebd@gmail.com,01713036393,01713036393,Not provided,2026-09-17T17:21:48.600Z,THU SEP 17 11:21 PM,AI4BT
AI4BT-2026-219907,Kawsar Mohammed Sazzad,Deputy General Manager,China Northeast Electric Power Engineering and services Co. Ltd.,kmsazzad@nepcs.cn,01615000913,01615000913,Not provided,2026-09-17T16:57:04.175Z,THU SEP 17 10:57 PM,AI4BT
AI4BT-2026-306306,Mohammad Sarwar Bin Anis,Group Director,Starcom Bangladesh,sarwar.media@gmail.com,01917707787,01917707787,Not provided,2026-09-17T16:22:48.243Z,THU SEP 17 10:22 PM,AI4BT
AI4BT-2026-351766,Saiful Islam Kabbo,Business Development Executive,Idean Consulting,saifulislam598101@gmail.com,01909360323,01909360323,Not provided,2026-09-17T16:21:26.926Z,THU SEP 17 10:21 PM,AI4BT
AI4BT-2026-686357,M M RAHAT HOSSAIN,Deputy Manager Corporate HR,HAMS Group,hossain.rahat@hams.com.bd,01912523539,01912523539,https://www.linkedin.com/in/rahat-hossain-8a7a50109/,2026-09-17T16:21:20.852Z,THU SEP 17 10:21 PM,AI4BT
AI4BT-2026-623421,Rakibul Hasan,Senior Manager,Fiber@Home Limited,rakibul.hasan@fiberathome.net,01913616479,01913616479,Not provided,2026-09-17T16:03:19.517Z,THU SEP 17 10:03 PM,AI4BT
AI4BT-2026-450721,Sana Mariam Ismail,Head of IT Applications & Business Intelligence,Rahimafrooz Bangladesh Ltd,sana.ismail@rahimafrooz.com,01942424545,01942424545,Not provided,2026-09-17T15:42:01.933Z,THU SEP 17 9:42 PM,AI4BT
AI4BT-2026-361330,Md. Abid Hasan Roza,Freelancer,Freelancer,abidhasan38737@gmail.com,01943450992,01943450992,Not provided,2026-09-17T15:32:57.683Z,THU SEP 17 9:33 PM,AI4BT
AI4BT-2026-663214,A K M Abidur Rahman,Manager HR,Bangladesh Honda,abidrazib@gmail.com,+8801313492577,+8801313492577,Not provided,2026-09-17T15:25:09.896Z,THU SEP 17 9:25 PM,AI4BT
AI4BT-2026-953343,Md. Mizanur Rahman,Chairman,CSI Constructions Ltd.,mizanur.enc@gmail.com,01819210971,01819210971,Not provided,2026-09-17T15:18:51.810Z,THU SEP 17 9:19 PM,AI4BT
AI4BT-2026-645182,Md Shakhawat Hossain,Senior Officer,Fakir Fashion Limited,bappyshakhawat@gmail.com,01781164216,01781164216,Not provided,2026-09-17T15:13:43.873Z,THU SEP 17 9:13 PM,AI4BT
AI4BT-2026-242047,Kazi Sayema Binte Faruky,Professor,Dhaka Commerce College,sayemafaruky@gmail.com,01711829862,01711829862,Not provided,2026-09-17T15:12:34.340Z,THU SEP 17 9:12 PM,AI4BT
AI4BT-2026-425216,Rashadur Rahaman,GM,Tuv Sud Bangladesh Pvt . Ltd,rashad_aarhum@yahoo.com,01816880389,01816880389,Not provided,2026-09-17T14:42:20.424Z,THU SEP 17 8:42 PM,AI4BT
AI4BT-2026-289071,Bishwajit Kuri,DGM,Shanta Holdings Limited,bishwajit@shantaholdings.com,+8801755524545,+8801755524545,https://www.linkedin.com/in/bishwajitkuri?utm_source=share_via&utm_content=profile&utm_medium=member_ios,2026-09-17T14:32:45.261Z,THU SEP 17 8:32 PM,AI4BT
AI4BT-2026-810197,Mohammad Faisal,Assistant Merchandiser,KDS Group Ltd.,mohammad.faisal5790@gmail.com,01676000311,01676000311,https://www.linkedin.com/in/md-faisal0?,2026-09-17T14:27:31.798Z,THU SEP 17 8:27 PM,AI4BT
AI4BT-2026-887857,Easir Arafat Khan,Manager-IY,Kansai Nerolac Paints (Bangladesh) Limited,easirarafat@gmail.com,01713262930,01713262930,Not provided,2026-09-17T14:22:06.552Z,THU SEP 17 8:22 PM,AI4BT
AI4BT-2026-178228,AHM Rashed Ahmed,Head of Business,UL Solutions,rashed.ahmed1570@gmail.com,01730087211,01730087211,Not provided,2026-09-17T14:10:17.903Z,THU SEP 17 8:10 PM,AI4BT
AI4BT-2026-557045,Md Nahin Hossain Hossain,Assistant Professor,"Islamic University of Technology (IUT), OIC)",md.nahinhossainsaad@yahoo.com,008801714067146,008801714067146,Not provided,2026-09-17T14:08:47.451Z,THU SEP 17 8:08 PM,AI4BT
AI4BT-2026-775393,Abdullah Al Mahmud,"Head Of IT Operations, DGM",Evercare Hospital Chattogram,aalmahmud.it@gmail.com,+8801817714454,+8801817714454,https://www.linkedin.com/in/aalmahmud,2026-09-17T14:05:03.744Z,THU SEP 17 8:05 PM,AI4BT
AI4BT-2026-823506,Mahbuba Moni,Deputy Manager,Fakir Fashion Ltd,me4mahbuba@gmail.com,01912600800,01912600800,Mahbuba Moni,2026-09-17T13:55:25.328Z,THU SEP 17 7:55 PM,AI4BT
AI4BT-2026-536897,Makinur Rahman,"Assistant General Manager, SOCaaS",Felicity IDC Limited,makinur@gmail.com,01944868484,01944868484,https://www.linkedin.com/in/makinur/,2026-09-17T04:05:43.691Z,THU SEP 17 10:05 AM,AI4BT
AI4BT-2026-782902,Mohammad Rashed Al Mahabub,CTO,Universal Business Line,mramahabub@gmail.com,+880 1715286135,+880 1715286135,Not provided,2026-09-17T02:52:02.802Z,THU SEP 17 8:52 AM,AI4BT
AI4BT-2026-700523,Mohammad Mahbub A Alahi,Head of IT,NexusPrimeBD,mahbubaalahi@gmail.com,01714092490,01714092490,Not provided,2026-09-16T23:41:41.604Z,THU SEP 17 5:41 AM,AI4BT
AI4BT-2026-393510,ANTHU DAS,Technical Sales Executive,House of Brajahari Das,anthudas003@gmail.com,01625198434,01625198434,https://www.linkedin.com/in/anthu-das,2026-09-16T18:28:36.304Z,THU SEP 17 12:28 AM,AI4BT
AI4BT-2026-427060,Razu Rahman,"Senior Executive, Brand",Fiber@Home Ltd.,rokibur.razu@fiberathome.net,01711090505,01711090505,https://www.linkedin.com/in/razurahmanbd,2026-09-16T17:30:10.519Z,WED SEP 16 11:30 PM,AI4BT
AI4BT-2026-350049,Shajedul Azad,Creative Director,CINEHAAT,cinehaatmedia@gmail.com,01911209012,01911209012,https://www.linkedin.com/in/shajedul-azad-8672351b4/,2026-09-16T17:27:52.746Z,WED SEP 16 11:28 PM,AI4BT
AI4BT-2026-243062,Saria Hossain,CEO,AltaFuel Ltd,shoptorshee@gmail.com,01934000999,01934000999,Not provided,2026-09-16T17:27:51.746Z,WED SEP 16 11:28 PM,AI4BT
AI4BT-2026-339974,Jibon krishna Mondal,"Manager,R&D",The ACME Laboratories Ltd,Jibonph12@gmail.com,01739075046,01739075046,Not provided,2026-09-16T17:23:45.621Z,WED SEP 16 11:23 PM,AI4BT
AI4BT-2026-402525,Md Zahid Hasan,Head of Software Development,SIMEC System Ltd.,zahid.hasan2606@gmail.com,8801711192746,8801711192746,Not provided,2026-09-16T15:17:29.594Z,WED SEP 16 9:17 PM,AI4BT
AI4BT-2026-542260,Md Mahbub Alam,CEO,PlugnPlay Bangladesh,titojobs@gmail.com,01619123746,01619123746,https://www.linkedin.com/in/md-mahbub-alam-2b765515/,2026-09-16T11:22:52.809Z,WED SEP 16 5:23 PM,AI4BT
AI4BT-2026-850627,Kelechi Ogbuehi,Head of Operations and Strategy,Zenith Bank,Kelechi.ogbuehi@lbs.net.ng,+270675313153,+270675313153,www.linkedin.com/in/kelechi-ogbuehi-4b41a975,2026-09-16T10:17:04.593Z,WED SEP 16 4:17 PM,AI4BT
AI4BT-2026-432879,Mohammad Masud Khan,Country Head of IT,PDS Multinational,masud.khan@pdsltd.com,+8801552303963,+8801552303963,Not provided,2026-09-16T05:25:36.505Z,WED SEP 16 11:25 AM,AI4BT
AI4BT-2026-647109,Abdul Saleem,Project Manager,AI2ALL,saleempc@gmail.com,+971585900260,+971585900260,https://www.linkedin.com/in/saleempc/,2026-09-15T15:38:27.173Z,TUE SEP 15 9:38 PM,AI4BT
AI4BT-2026-970380,Murshed Ahmmad Khan,CTO,WikiMedix Limited,murshed2k@gmail.com,01713370743,01713370743,https://www.linkedin.com/in/murshedahmmadkhan,2026-09-15T15:07:37.902Z,9:07 PM,AI4BT
AI4BT-2026-322308,M A Majid,DGM,DBL Digital,mamajid@dbl-digital.com,01713235703,01713235703,Not provided,2026-09-15T14:56:01.353Z,8:56 PM,AI4BT
AI4BT-2026-493255,Kazi Mohammad Ariful Islam,Founder and CEO,TOTALOFFTEC,ariful.islam@totalofftec.com,01678005123,01678005123,Not provided,2026-09-15T14:50:52.175Z,8:50 PM,AI4BT
AI4BT-2026-914105,Farhana Hassan Neloy,"Manager, People & Organization",TechBrigades Ltd.,farhana16hassan@gmail.com,01682712689,01682712689,https://www.linkedin.com/in/farhana-neloy/,2026-09-15T14:29:44.422Z,8:29 PM,AI4BT
AI4BT-2026-505204,Nesar Ahmed Julius,Management & HR Consultant,PeoplePro Business Solution,juliusbd46@gmail.com,01325085410,01325085410,https://www.linkedin.com/in/nesar-ahmed-julius,2026-09-15T13:10:00.206Z,7:10 PM,AI4BT
AI4BT-2026-425192,Md Faizul Alam,CEO,Hikmah C@talyst,foyezeee@hotmail.com,+8801800060093,+8801800060093,Not provided,2026-09-15T12:46:38.413Z,6:46 PM,AI4BT
AI4BT-2026-531442,Engr. Mohammad Moniruzzaman Monir,Assistant General Manager,Bangladesh Development Bank PLC,monir454@gmail.com,01913040807,01913040807,https://www.linkedin.com/in/engr-mohammad-moniruzzaman-monir-766786235,2026-09-15T12:42:52.803Z,6:42 PM,AI4BT
AI4BT-2026-232099,DEPESH BANIK,Chief Project Management Officer,Webb Fontaine Bangladesh Limited,depeshbanik@gmail.com,1841-582581,1841-582581,https://www.linkedin.com/in/depeshbanik/,2026-09-15T12:31:11.315Z,6:31 PM,AI4BT
AI4BT-2026-536476,Rajat Bindal,AVP,HSBC,rajat.bindql@hsbc.co.in,+919899089189,+919899089189,Not provided,2026-09-15T09:06:54.678Z,3:06 PM,AI4BT
AI4BT-2026-529737,Sarkar Hossain Shahid Mohammad Reza,CEO,DaySpring Limited,shahid.reza@dayspringltd.com,01819210462,01819210462,Not provided,2026-09-15T07:37:21.422Z,1:37 PM,AI4BT
AI4BT-2026-755926,Md. Moshiur Rahman,"Manager, Business Development",Systech digital Limited,moooshiur@gmail.com,01672264546,01672264546,Not provided,2026-09-15T04:13:54.745Z,10:13 AM,AI4BT
AI4BT-2026-733029,Anisur Rahman,Junior Executive - HR,DBL Group,anisurrahman.ctg97@gmail.com,01571325370,01571325370,https://www.linkedin.com/in/anisur-rahman-ar,2026-09-15T03:42:06.105Z,9:42 AM,AI4BT
AI4BT-2026-811279,Amir Zahoor,Partner,YImagine,amir.zahoor@yimagine.com,15132603150,15132603150,https://www.linkedin.com/in/amirzahoor,2026-09-15T02:18:20.131Z,8:18 AM,AI4BT
